Marketplace,Seller facing Fee Category,Fees%
US,Amazon Device Accessories,45%
US,Automotive and Powersports,12%
US,Baby Products,≤$10: 8% | >$10: 15% (total)
US,"Backpacks, Handbags, and Luggage",15%
US,Base Equipment Power Tools,12%
US,"Beauty, Health and Personal Care",≤$10: 8% | >$10: 15% (total)
US,"Business, Industrial, and Scientific Supplies",12%
US,Clothing and Accessories,≤$15: 5% | >$15 to ≤$20: 10% | >$20: 17% (total)
US,Compact Appliances,Up to $300: 15% | Over $300: 8% (tiered)
US,Computers,8%
US,Consumer Electronics,8%
US,Electronic Accessories,Up to $100: 15% | Over $100: 8% (tiered)
US,Everything Else,15%
US,Eyewear,15%
US,Footwear,15%
US,Full-Size Appliances,8%
US,Furniture,Up to $200: 15% | Over $200: 10% (tiered)
US,Gift Cards,20%
US,Grocery and Gourmet,≤$15: 8% | >$15: 15% (total)
US,Home and Kitchen,15%
US,Jewelry,Up to $250: 20% | Over $250: 5% (tiered)
US,Lawn and Garden,15%
US,Lawn Mowers and Snow Throwers,Up to $500: 15% | >$500: 8% (total)
US,Mattresses,15%
US,"Media - Books, DVD, Music, Software, Video",15%
US,Musical Instruments and AV Production,15%
US,Office Products,15%
US,Pet Products,"15%, except 22% for veterinary diets"
US,Sports and Outdoors,15%
US,Tires,10%
US,Tools and Home Improvement,15%
US,Toys and Games,15%
US,Video Game Consoles,8%
US,Video Games and Gaming Accessories,15%
US,Watches,Up to $1500: 16% | Over $1500: 3% (tiered)
CA,Amazon Device Accessories,45%
CA,Automotive and Powersports,12%
CA,Baby Products,≤$15: 8% | >$15: 15% (total)
CA,"Backpacks, Handbags, and Luggage",15%
CA,Base Equipment Power Tools,12%
CA,"Beauty, Health and Personal Care",≤$15: 8% | >$15: 15% (total)
CA,"Business, Industrial, and Scientific Supplies",12%
CA,Clothing and Accessories,<$20: 10% | ≥$20: 17% (total)
CA,Compact Appliances,Up to $300: 15% | Over $300: 8% (tiered)
CA,Computers,8%
CA,Consumer Electronics,8%
CA,Electronic Accessories,Up to $100: 15% | Over $100: 8% (tiered)
CA,Everything Else,15%
CA,Eyewear,17%
CA,Footwear,15%
CA,Full-Size Appliances,Up to $300: 15% | Over $300: 8% (tiered)
CA,Furniture,Up to $250: 15% | Over $250: 10% (tiered)
CA,Grocery and Gourmet,≤$15: 8% | >$15: 15% (total)
CA,Home and Kitchen,15%
CA,Jewellery,Up to CAD 325: 20% | Over CAD 325: 5% (tiered)
CA,Lawn and Garden,15%
CA,Mattresses,15%
CA,"Media - Books, DVD, Music, Software, Video",15%
CA,Musical Instruments and AV Production,15%
CA,Office Products,15%
CA,Pet Products,15%
CA,Sports and Outdoors,15%
CA,Tires,10%
CA,Tools and Home Improvement,15%
CA,Toys and Games,15%
CA,Video Game Consoles,8%
CA,Video Games and Gaming Accessories,15%
CA,Watches,Up to $1500: 16% | Over $1500: 3% (tiered)
MX,Amazon Device Accessories,45%
MX,Automotive and Powersports,12%
MX,Baby Products,15%
MX,"Backpacks, Handbags, and Luggage",15%
MX,Base Equipment Power Tools,12%
MX,"Beauty, Health and Personal Care",≤MXN 200: 12% | >MXN 200: 15% (total)
MX,"Beer, Wine and Spirits",8%
MX,"Business, Industrial, and Scientific Supplies",14%
MX,Clothing and Accessories,15%
MX,Computers,10%
MX,Consumer Electronics,10%
MX,Electronics Accessories,Up to MXN 2000: 15% | Over MXN 2000: 8% (tiered)
MX,Everything Else,15%
MX,Eyewear,15%
MX,Footwear,15%
MX,Furniture,15%
MX,Grocery and Gourmet,≤MXN 300: 12% | >MXN 300: 15% (total)
MX,Home and Kitchen,15%
MX,Jewelry,15%
MX,Lawn and Garden,15%
MX,Major Appliances,15%
MX,Mattresses,15%
MX,"Media - Books, DVD, Music, Software, Video",15%
MX,Musical Instruments and AV Production,15%
MX,Office Products (excluding accessories),10%
MX,Pet Products,15%
MX,Sports and Outdoors,15%
MX,Tires,10%
MX,Tools and Home Improvement,15.0% | 12.0% for Power tools
MX,Toys and Games,≤MXN 300: 8% | >MXN 300: 15% (total)
MX,Video Game Consoles,8%
MX,Video Games and Gaming Accessories,15%
MX,Watches,Up to MXN 5000: 16% | Over MXN 5000: 5% (tiered)
BR,Air-conditioning,11%
BR,Alcoholic Beverages,11%
BR,Automotive (Parts and Accessories),12%
BR,Baby Products,12%
BR,Beauty,13%
BR,Books,15%
BR,Camera & Photography,11%
BR,Cellphones,11%
BR,Clothing & Accessories,14%
BR,Electronics & PC Accessories,Up to BRL 100: 15% | Above BRL 100: 10% (total)
BR,Electronics Base Devices,13%
BR,Everything Else,15%
BR,Full-Size Appliances,11%
BR,Furniture,Up to BRL 200: 15% | Above BRL 200: 10% (tiered)
BR,Games and Consoles,11%
BR,Grocery,10%
BR,Health and Personal Care,12%
BR,Home,12%
BR,Jewelry,14%
BR,Kitchen,12%
BR,Lawn & Garden,12%
BR,Luggage & Travel Accessories,14%
BR,Music,15%
BR,Musical Instruments and accessories,12%
BR,Office Products,13%
BR,PC,12%
BR,Personal Care Appliances,12%
BR,Pet supplies,12%
BR,"Shoes, Handbags & Sunglasses",14%
BR,Sports & Outdoors,12%
BR,Tires and Wheels,10%
BR,Tools & Home Improvement,11%
BR,Toys,12%
BR,"TV, Audio and Home Cinema",10%
BR,Video & DVD,15%
BR,Watches,13%
UK,Amazon Device Accessories,45%
UK,Automotive and Powersports,12%
UK,Baby Products,Up to £45: 15% | Above £45: 9% (tiered)
UK,Baby Strollers and Safety Equipment,Up to £10: 8% | Above £10: 15% (tiered)
UK,Backpacks and Handbags,15%
UK,"Beauty, Health and Personal Care",Up to £10: 8% | Above £10: 15% (tiered)
UK,"Beer, Wine, and Spirits",10%
UK,Books,15%
UK,"Business, Industrial & Scientific Supplies",15%
UK,Clothing and Accessories,≤£15: 5% | £15-£20: 10% | >£20: 15% (total) || For FBA and Seller Fulfilled Prime selection >£40: Up to £40: 15% | Above £40: 7% (tiered)
UK,Commercial Electrical and Energy Supplies,12%
UK,Compact Appliances,15%
UK,Computers,7%
UK,Consumer Electronics,7%
UK,Cycling Accessory,15%
UK,"Door, Window and Shower Accessories",13%
UK,Electronic Accessories,Up to £100: 15% | Above £100: 8% (tiered)
UK,Everything else,15%
UK,Eyewear,15%
UK,Eyewear Protection,15%
UK,Footwear,15%
UK,Full-Size Appliances,7%
UK,Furniture,Up to £175: 15% | Above £175: 10% (tiered)
UK,Furniture Accessories,13%
UK,Grocery and Gourmet,≤£10: 8% | >£10: 15% (total)
UK,Home Adhesives and Cable Ties,13%
UK,Home Linen and Rugs,15%
UK,Home Products,≤£20: 8% | >£20: 15% (total)
UK,Jewellery,Up to £225: 20% | Above £225: 5% (tiered)
UK,Kitchen,15%
UK,Lawn and Garden,15%
UK,Luggage,15%
UK,Luggage Accessories,15%
UK,Mattresses,15%
UK,"Music, VHS, DVD",15%
UK,Musical Instruments and AV Production,12%
UK,Office Products,15%
UK,Packing Materials,15%
UK,Pet Clothing and Food,≤£10: 5% | >£10: 15% (total)
UK,Pet Products,15%
UK,Printer and Scanner accessories,Up to £100: 15% | Above £100: 8% (tiered)
UK,Reusable Work and Safety Gloves,Up to £10: 8% | Above £10: 15% (total)
UK,Software,15%
UK,Sports and Outdoors,15%
UK,Tires,7%
UK,Tools and Home Improvement,13%
UK,Toys and Games,15%
UK,Video Game Consoles,8%
UK,Video Games and Gaming Accessories,15%
UK,"Vitamins, Minerals and Supplements",≤£10: 5% | >£10: 15% (total)
UK,Watches,Up to £225: 15% | Above £225: 5% (tiered)
DE,Amazon Device Accessories,45%
DE,Automotive and Powersports,Up to €50: 15% | Above €50: 9% (tiered)
DE,Baby Products,≤€10: 8% | >€10: 15% (total)
DE,Baby Strollers and Safety Equipment,≤€10: 8% | >€10: 15% (total)
DE,Backpacks and Handbags,15%
DE,"Beauty, Health and Personal Care",≤€10: 8% | >€10: 15% (total)
DE,"Beer, Wine, and Spirits",10%
DE,Books,15%
DE,"Business, Industrial & Scientific Supplies",15%
DE,Clothing and Accessories,≤€15: 5% | €15 to €20: 10% | >€20: 15% || For Fulfilment by Amazon and Seller Fulfilled Prime selection Up to €45: 15% | Above €45: 7% (tiered)
DE,Commercial Electrical and Energy Supplies,12%
DE,Compact Appliances,15%
DE,Computers,7%
DE,Consumer Electronics,7%
DE,Cycling Accessory,15%
DE,"Door, Window and Shower Accessories",13%
DE,Electronic Accessories,Up to €100: 15% | Above €100: 8% (tiered)
DE,Everything else,15%
DE,Eyewear,15%
DE,Eyewear Protection,15%
DE,Footwear,15%
DE,Full-Size Appliances,7%
DE,Furniture,Up to €200: 15% | Above €200: 10% (tiered)
DE,Furniture Accessories,13%
DE,Grocery and Gourmet,≤€10: 8% | >€10: 15% (total)
DE,Home Adhesives and Cable Ties,13%
DE,Home Linen and Rugs,15%
DE,Home Products,≤€20: 8% | >€20: 15% (total)
DE,Jewellery,Up to €250: 20% | Over €250: 5% (tiered)
DE,Kitchen,15%
DE,Lawn and Garden,15%
DE,Luggage,15%
DE,Luggage Accessories,15%
DE,Mattresses,15%
DE,"Music, VHS, DVD",15%
DE,Musical Instruments and AV Production,12%
DE,Office Products,15%
DE,Packing Materials,15%
DE,Pet Clothing and Food,≤€10: 5% | >€10: 15% (total)
DE,Pet Products,15%
DE,Printer and Scanner accessories,Up to €100: 15% | Above €100: 8% (tiered)
DE,Reusable Work and Safety Gloves,≤€10: 8% | >€10: 15% (total)
DE,Software,15%
DE,Sports and Outdoors,15%
DE,Tires,7%
DE,Tools and Home Improvement,13%
DE,Toys and Games,15%
DE,Video Game Consoles,8%
DE,Video Games and Gaming Accessories,15%
DE,"Vitamins, Minerals and Supplements",≤€10: 5% | >€10: 15% (total)
DE,Watches,Up to €250: 15% | Over €250: 5% (tiered)
FR,Amazon Device Accessories,45%
FR,Automotive and Powersports,Up to €50: 15% | Over €50: 9% (tiered)
FR,Baby Products,≤€10: 8% | >€10: 15% (total)
FR,Baby Strollers and Safety Equipment,≤€10: 8% | >€10: 15% (total)
FR,Backpacks and Handbags,15%
FR,"Beauty, Health and Personal Care",≤$10: 8% | >$10: 15% (total)
FR,"Beer, Wine, and Spirits",10%
FR,Books,15%
FR,"Business, Industrial, and Scientific Supplies",15%
FR,Clothing and Accessories,≤€15: 5% | €15 to €20: 10% | >€20: 15% || For Fulfilment by Amazon and Seller Fulfilled Prime selection Up to €45: 15% | Above €45: 7% (tiered)
FR,Commercial Electrical and Energy Supplies,12%
FR,Compact Appliances,15%
FR,Computers,7%
FR,Consumer Electronics,7%
FR,Cycling Accessory,15%
FR,"Door, Window and Shower Accessories",13%
FR,Electronic Accessories,Up to €100: 15% | Over €100: 8% (tiered)
FR,Everything else,15%
FR,Eyewear,15%
FR,Eyewear Protection,15%
FR,Footwear,15%
FR,Full-Size Appliances,7%
FR,Furniture,Up to €200: 15% | Over €200: 10% (tiered)
FR,Furniture Accessories,13%
FR,Grocery and Gourmet,≤€10: 5% | >€10: 15% (total)
FR,Home Adhesives and Cable Ties,13%
FR,Home Linen and Rugs,15%
FR,Home Products,≤€20: 8% | >€20: 15% (total)
FR,Jewellery,Up to €250: 20% | Over €250: 5% (tiered)
FR,Kitchen,15%
FR,Lawn and Garden,15%
FR,Luggage,15%
FR,Luggage Accessories,15%
FR,Mattresses,15%
FR,"Music, VHS, DVD",15%
FR,Musical Instruments and AV Production,12%
FR,Office Products,15%
FR,Packing Materials,15%
FR,Pet Clothing and Food,≤€10: 5% | >€10: 15% (total)
FR,Pet Products,15%
FR,Printer and Scanner accessories,Up to €100: 15% | Above €100: 8% (tiered)
FR,Reusable Work and Safety Gloves,≤$10: 8% | >$10: 15% (total)
FR,Software,15%
FR,Sports and Outdoors,15%
FR,Tires,7%
FR,Tools and Home Improvement,13%
FR,Toys and Games,15%
FR,Video Game Consoles,8%
FR,Video Games and Gaming Accessories,15%
FR,"Vitamins, Minerals and Supplements",≤€10: 5% | >€10: 15% (total)
FR,Watches,Up to €250: 15% | Above €250: 5% (tiered)
IT,Amazon Device Accessories,45%
IT,Automotive and Powersports,Up to €50: 15% | Over €50: 9% (tiered)
IT,Baby Products,≤€10: 8% | >€10: 15% (total)
IT,Baby Strollers and Safety Equipment,≤€10: 8% | >€10: 15% (total)
IT,Backpacks and Handbags,15%
IT,"Beauty, Health and Personal Care",≤$10: 8% | >$10: 15% (total)
IT,"Beer, Wine, and Spirits",10%
IT,Books,15%
IT,"Business, Industrial, and Scientific Supplies",15%
IT,Clothing and Accessories,≤€15: 5% | €15 to €20: 10% | >€20: 15% || For Fulfilment by Amazon and Seller Fulfilled Prime selection Up to €45: 15% | Above €45: 7% (tiered)
IT,Commercial Electrical and Energy Supplies,12%
IT,Compact Appliances,15%
IT,Computers,7%
IT,Consumer Electronics,7%
IT,Cycling Accessory,15%
IT,"Door, Window and Shower Accessories",13%
IT,Electronic Accessories,Up to €100: 15% | Over €100: 8% (tiered)
IT,Everything else,15%
IT,Eyewear,15%
IT,Eyewear Protection,15%
IT,Footwear,15%
IT,Full-Size Appliances,7%
IT,Furniture,Up to €200: 15% | Over €200: 10% (tiered)
IT,Furniture Accessories,13%
IT,Grocery and Gourmet,≤€10: 5% | >€10: 15% (total)
IT,Home Adhesives and Cable Ties,13%
IT,Home Linen and Rugs,15%
IT,Home Products,≤€20: 8% | >€20: 15% (total)
IT,Jewellery,Up to €250: 20% | Over €250: 5% (tiered)
IT,Kitchen,15%
IT,Lawn and Garden,15%
IT,Luggage,15%
IT,Luggage Accessories,15%
IT,Mattresses,15%
IT,"Music, VHS, DVD",15%
IT,Musical Instruments and AV Production,12%
IT,Office Products,15%
IT,Packing Materials,15%
IT,Pet Clothing and Food,≤€10: 5% | >€10: 15% (total)
IT,Pet Products,15%
IT,Printer and Scanner accessories,Up to €100: 15% | Above €100: 8% (tiered)
IT,Reusable Work and Safety Gloves,≤$10: 8% | >$10: 15% (total)
IT,Software,15%
IT,Sports and Outdoors,15%
IT,Tires,7%
IT,Tools and Home Improvement,13%
IT,Toys and Games,15%
IT,Video Game Consoles,8%
IT,Video Games and Gaming Accessories,15%
IT,"Vitamins, Minerals and Supplements",≤€10: 5% | >€10: 15% (total)
IT,Watches,Up to €250: 15% | Above €250: 5% (tiered)
ES,Amazon Device Accessories,45%
ES,Automotive and Powersports,Up to €50: 15% | Over €50: 9% (tiered)
ES,Baby Products,≤€10: 8% | >€10: 15% (total)
ES,Baby Strollers and Safety Equipment,≤€10: 8% | >€10: 15% (total)
ES,Backpacks and Handbags,15%
ES,"Beauty, Health and Personal Care",≤$10: 8% | >$10: 15% (total)
ES,"Beer, Wine, and Spirits",10%
ES,Books,15%
ES,"Business, Industrial, and Scientific Supplies",15%
ES,Clothing and Accessories,≤€15: 5% | €15 to €20: 10% | >€20: 15% || For Fulfilment by Amazon and Seller Fulfilled Prime selection Up to €45: 15% | Above €45: 7% (tiered)
ES,Commercial Electrical and Energy Supplies,12%
ES,Compact Appliances,15%
ES,Computers,7%
ES,Consumer Electronics,7%
ES,Cycling Accessory,15%
ES,"Door, Window and Shower Accessories",13%
ES,Electronic Accessories,Up to €100: 15% | Over €100: 8% (tiered)
ES,Everything else,15%
ES,Eyewear,15%
ES,Eyewear Protection,15%
ES,Footwear,15%
ES,Full-Size Appliances,7%
ES,Furniture,Up to €200: 15% | Over €200: 10% (tiered)
ES,Furniture Accessories,13%
ES,Grocery and Gourmet,≤€10: 5% | >€10: 15% (total)
ES,Home Adhesives and Cable Ties,13%
ES,Home Linen and Rugs,15%
ES,Home Products,≤€20: 8% | >€20: 15% (total)
ES,Jewellery,Up to €250: 20% | Over €250: 5% (tiered)
ES,Kitchen,15%
ES,Lawn and Garden,15%
ES,Luggage,15%
ES,Luggage Accessories,15%
ES,Mattresses,15%
ES,"Music, VHS, DVD",15%
ES,Musical Instruments and AV Production,12%
ES,Office Products,15%
ES,Packing Materials,15%
ES,Pet Clothing and Food,≤€10: 5% | >€10: 15% (total)
ES,Pet Products,15%
ES,Printer and Scanner accessories,Up to €100: 15% | Above €100: 8% (tiered)
ES,Reusable Work and Safety Gloves,≤$10: 8% | >$10: 15% (total)
ES,Software,15%
ES,Sports and Outdoors,15%
ES,Tires,7%
ES,Tools and Home Improvement,13%
ES,Toys and Games,15%
ES,Video Game Consoles,8%
ES,Video Games and Gaming Accessories,15%
ES,"Vitamins, Minerals and Supplements",≤€10: 5% | >€10: 15% (total)
ES,Watches,Up to €250: 15% | Above €250: 5% (tiered)
NL,Amazon Device Accessories,45%
NL,Automotive and Powersports,Up to €50: 15% | Above €50: 9% (tiered)
NL,Automotive and Powersports Electronic Accessories,Electronic Devices: 7% | Electronic Accessories: 12%
NL,Baby Products,≤€10: 8% | >€10: 15% (total)
NL,Baby Strollers and Safety Equipment,≤€10: 8% | >€10: 15% (total)
NL,Backpacks and Handbags,15%
NL,"Beauty, Health and Personal Care",≤€10: 8% | >€10: 15% (total)
NL,"Beer, Wine and Spirits",10%
NL,Books,15%
NL,"Business, Industrial & Scientific Supplies",15%
NL,Clothing and Accessories,≤€15: 5% | €15 to €20: 10% | >€20: 15% || For Fulfilment by Amazon and Seller Fulfilled Prime selection Up to €45: 15% | Above €45: 7% (tiered)
NL,Commercial Electrical and Energy Supplies,12%
NL,Compact Appliances,15%
NL,Computers,7%
NL,Consumer Electronics,7%
NL,Cycling,10%
NL,Cycling Accessory,15%
NL,"Door, Window and Shower Accessories",13%
NL,Electronic Accessories,Up to €100: 15% | Over €100: 8% (tiered)
NL,Everything else,15%
NL,Eyewear,≤€15: 8% | >€15: 15% (total) || For Prime selection Up to €45: 15% | Above €45: 7% (tiered)
NL,Eyewear Protection,≤€15: 8% | >€15: 15% (total) || For Prime selection Up to €45: 15% | Above €45: 7% (tiered)
NL,Footwear,15%
NL,Full-Size Appliances,7%
NL,Furniture,Up to €200: 15% | Over €200: 10% (tiered)
NL,Furniture Accessories,13%
NL,Grocery and Gourmet,≤€10: 5% | >€10: 15% (total)
NL,Home Adhesives and Cable Ties,13%
NL,Home Linen and Rugs,15%
NL,Home Products,≤€20: 8% | >€20: 15% (total)
NL,Jewelry,Up to €250: 20% | Over €250: 5% (tiered)
NL,Kitchen,15%
NL,Lawn and Garden,15%
NL,Luggage,15%
NL,Luggage Accessories,15%
NL,Mattresses,15%
NL,"Music, VHS, DVD",15%
NL,Musical Instruments and AV Production,12%
NL,Office Products,15%
NL,Packing Materials,15%
NL,Pet Clothing and Food,≤€10: 5% | >€10: 15% (total)
NL,Pet Supplies,15%
NL,Printer and Scanner accessories,Up to €100: 15% | Above €100: 8% (tiered)
NL,Reusable Work and Safety Gloves,Up to €10: 15% | Above €10: 8% (tiered)
NL,Software,15%
NL,Sports & Outdoors,15%
NL,Tires,7%
NL,Tools and Home Improvement,13%
NL,Toys and Games,15%
NL,Video Game Consoles,8%
NL,Video Games and Gaming Accessories,15%
NL,"Vitamins, Minerals and Supplements",≤€10: 5% | >€10: 15% (total)
NL,Watches,Up to €250: 15% | Above €250: 5% (tiered)
BE,Amazon Device Accessories,45%
BE,Automotive and Powersports,Up to €50: 15% | Above €50: 9% (tiered)
BE,Automotive and Powersports Electronic Accessories,#N/A
BE,Baby Products,≤€10: 8% | >€10: 15% (total)
BE,Baby Strollers and Safety Equipment,≤€10: 8% | >€10: 15% (total)
BE,Backpacks and Handbags,15%
BE,"Beauty, Health and Personal Care",≤€10: 8% | >€10: 15% (total)
BE,"Beer, Wine & Spirits",10%
BE,Books,15%
BE,"Business, Industrial & Scientific Supplies",15%
BE,Clothing and Accessories,≤€15: 5% | €15 to €20: 10% | >€20: 15% || For Fulfilment by Amazon and Seller Fulfilled Prime selection Up to €45: 15% | Above €45: 7% (tiered)
BE,Commercial Electrical and Energy Supplies,12%
BE,Compact Appliances,15%
BE,Computers,7%
BE,Consumer Electronics,7%
BE,Cycling,10%
BE,Cycling Accessories,15%
BE,"Door, Window and Shower Accessories",13%
BE,Electronic Accessories,Up to €100: 15% | Over €100: 8% (tiered)
BE,Everything else,15%
BE,Eyewear,≤€15: 8% | >€15: 15% (total) || For Prime selection Up to €45: 15% | Above €45: 7% (tiered)
BE,Eyewear Protection,≤€15: 8% | >€15: 15% (total) || For Prime selection Up to €45: 15% | Above €45: 7% (tiered)
BE,Footwear,15%
BE,Full-Size Appliances,7%
BE,Furniture,Up to €200: 15% | Over €200: 10% (tiered)
BE,Furniture Accessories,13%
BE,Grocery & Gourmet,≤€10: 5% | >€10: 15% (total)
BE,Home Adhesives and Cable Ties,13%
BE,Home Linen and Rugs,15%
BE,Home Products,≤€20: 8% | >€20: 15% (total)
BE,Jewellery,Up to €250: 20% | Over €250: 5% (tiered)
BE,Kitchen,15%
BE,Lawn and Garden,15%
BE,Luggage,15%
BE,Luggage Accessories,15%
BE,Mattresses,15%
BE,"Music, VHS, DVD",15%
BE,Musical Instruments and AV Production,12%
BE,Office Products,15%
BE,Packing Materials,15%
BE,Pet Clothing and Food,≤€10: 5% | >€10: 15% (total)
BE,Pet Supplies,15%
BE,Printer and Scanner accessories,Up to €100: 15% | Above €100: 8% (tiered)
BE,Reusable Work and Safety Gloves,Up to €10: 15% | Above €10: 8% (tiered)
BE,Software,15%
BE,Sports & Outdoors,15%
BE,Tools and Home Improvement,13%
BE,Toys and Games,15%
BE,Tyres,7%
BE,Video Game Consoles,8%
BE,Video Games and Gaming Accessories,15%
BE,"Vitamins, Minerals and Supplements",≤€10: 5% | >€10: 15% (total)
BE,Watches,Up to €250: 15% | Above €250: 5% (tiered)
SE,Amazon Device Accessories,45%
SE,Automotive and Powersports,Up to 525 kr: 15% | Above 525 kr: 9% (tiered)
SE,Automotive and Powersports Electronic Accessories,7% for Automotive and Powersports electronic devices | 12% for Automotive and Powersports electronic accessories 
SE,Baby Products,Up to 105 kr: 8% | Above 105 kr: 15% (total)
SE,Baby Strollers and Safety Equipment,Up to 105 kr: 8% | Above 105 kr: 15% (total)
SE,Backpacks and Handbags,15%
SE,"Beauty, Health and Personal Care",Up to 105 kr: 8% | Above 105 kr: 15% (total)
SE,"Beer, Wine and Spirits",
SE,Books,15%
SE,"Business, Industrial & Scientific Supplies",15%
SE,Clothing and Accessories,≤175 kr: 5% | 175 to 230 kr: 10% | >230 kr: 15% || For Prime selection Up to 470 kr: 15% | Above 470 kr: 7% (tiered)
SE,Commercial Electrical and Energy Supplies,12%
SE,Compact Appliances,15%
SE,Computers,7%
SE,Consumer Electronics,7%
SE,Cycling Accessory,15%
SE,"Door, Window and Shower Accessories",13%
SE,Electronic Accessories,Up to 1050 kr: 15% | Over 1050 kr: 8% (tiered)
SE,Everything else,15%
SE,Eyewear,≤175 kr: 8% | >175 kr: 15% (total) || For Prime selection Up to 470 kr: 15% | Above 470 kr: 7% (tiered)
SE,Eyewear Protection,≤175 kr: 8% | >175 kr: 15% (total) || For Prime selection Up to 470 kr: 15% | Above 470 kr: 7% (tiered)
SE,Footwear,15%
SE,Full-Size Appliances,7%
SE,Furniture,Up to 2100 kr: 15% | Over 2100 kr: 10% (tiered)
SE,Furniture Accessories,13%
SE,Grocery and Gourmet,≤105 kr: 5% | >105 kr: 15% (total)
SE,Home Adhesives and Cable Ties,13%
SE,Home Linen and Rugs,15%
SE,Home Products,≤230 kr: 8% | >230 kr: 15% (total)
SE,Jewellery,Up to 2600 kr: 20% | Over 2600 kr: 5% (tiered)
SE,Kitchen,15%
SE,Lawn and Garden,15%
SE,Luggage,15%
SE,Luggage Accessories,15%
SE,Mattresses,15%
SE,"Music, VHS, DVD",15%
SE,Musical Instruments and AV Production,12%
SE,Office Products,15%
SE,Packing Materials,15%
SE,Pet Clothing and Food,≤105 kr: 5% | >105 kr: 15% (total)
SE,Pet Supplies,15%
SE,Printer and Scanner accessories,Up to 1050 kr: 15% | Above 1050 kr: 8% (tiered)
SE,Reusable Work and Safety Gloves,
SE,Software,15%
SE,Sports and Outdoors,15%
SE,Tools and Home Improvement,13%
SE,Toys and Games,15%
SE,Tyres,7%
SE,Video Game Consoles,8%
SE,Video Games and Gaming Accessories,15%
SE,"Vitamins, Minerals and Supplements",≤105 kr: 5% | >105 kr: 15% (total)
SE,Watches,Up to 2600 kr: 15% | Above 2600 kr: 5% (tiered)
PL,Amazon Device Accessories,45%
PL,Automotive and Powersports,9%
PL,Automotive and Powersports Electronic Accessories,8% with a maximum fee of PLN 120
PL,Automotive and Powersports Electronic Devices,7% with a maximum fee of PLN 120
PL,Baby Products,≤PLN 40: 8% | >PLN 40: 10% (total)
PL,Baby Strollers and Safety Equipment,≤PLN 40: 8% | >PLN 40: 10% (total)
PL,Backpacks and Handbags,10% flat fee || For FBA  selection Up to PLN 180: 10% | Above PLN 180: 7% (tiered)
PL,Beauty,≤PLN 40: 4% | >PLN 40: 6% (total)
PL,"Beer, Wine and Spirits",10%
PL,Books,9%
PL,"Business, Industrial & Scientific Supplies",10%
PL,Clothing and Accessories,≤PLN 65: 5%| >PLN 65: 10% || For Prime selection Up to PLN 180: 10% | Above PLN 180: 7% (tiered)
PL,Commercial Electrical and Energy Supplies,10%
PL,Compact Appliances,4%
PL,Computer Accessories,Up to PLN 50: 8% | Above PLN 50: 4% (tiered)
PL,Computers,Up to PLN 200: 3% | Above PLN 200: 1.5% (tiered)
PL,Consumer Electronics,5%
PL,Cycling,8%
PL,Cycling Accessory,10.50%
PL,"Door, Window and Shower Accessories",6%
PL,Electronic Accessories,Up to PLN 50: 12% | Over PLN 50: 6% (tiered)
PL,Everything else,15%
PL,Eyewear,10% flat fee || For FBA  selection Up to PLN 180: 10% | Above PLN 180: 7% (tiered)
PL,Eyewear Protection,10% flat fee || For FBA  selection Up to PLN 180: 10% | Above PLN 180: 7% (tiered)
PL,Footwear,10% flat fee || For FBA  selection Up to PLN 180: 10% | Above PLN 180: 7% (tiered)
PL,Full-Size Appliances,4%
PL,Furniture,10%
PL,Furniture Accessories,6%
PL,Grocery and Gourmet,≤PLN 40: 5% | >PLN 40: 11% (total)
PL,Health & Personal Care,Up to PLN 40: 2.5% | Above PLN 40: 8% (total)
PL,Home Adhesives and Cable Ties,6%
PL,Home Linen and Rugs,10%
PL,Home Products,≤PLN 85: 8% | >PLN 85: 10% (total)
PL,Jewellery,Up to PLN 200: 12% | Above PLN 200: 5% (tiered)
PL,Kitchen,10%
PL,Lawn and Garden,9%
PL,Luggage,10%
PL,Luggage Accessories,10%
PL,Mattresses,10%
PL,"Music, VHS, DVD",10%
PL,Musical Instruments and AV Production,9%
PL,Office Products,10%
PL,Packing Materials,10%
PL,Personal Care Appliances,≤PLN 40: 8% | >PLN 40: 7.5% (total)
PL,Pet Clothing and Food,≤PLN 40: 5% | >PLN 40: 5.5% (total)
PL,Pet Supplies,5.50%
PL,Printer and Scanner accessories,Up to PLN 50: 12% | Above PLN 50: 6% (tiered)
PL,Reusable Work and Safety Gloves,≤PLN 40: 2.5% | >PLN 40: 8% (total)
PL,Software,9%
PL,Sports & Outdoors,10%
PL,Tools and Home Improvement,6%
PL,Toys and Games,10%
PL,Tyres,"5.5%, up to a maximum fee of PLN 120"
PL,Video Game Consoles,4%
PL,Video Games and Gaming Accessories,8%
PL,"Vitamins, Minerals and Supplements",≤PLN 40: 2.5% | >PLN 40: 8% (total)
PL,Watches,Up to PLN 200: 12% | Above PLN 200: 5% (tiered)
IE,Amazon Device Accessories,45%
IE,Automotive and Powersports,Up to €50: 15% | Above €50: 9% (tiered)
IE,Automotive and Powersports Electronic Accessories,12%
IE,Automotive and Powersports Electronic Devices,7%
IE,Baby Products,≤€10: 8% | >€10: 15% (total)
IE,Baby Strollers and Safety Equipment,≤€10: 8% | >€10: 15% (total)
IE,Backpacks and Handbags,15%
IE,"Beauty, Health and Personal Care",≤€10: 8% | >€10: 15% (total)
IE,"Beer, Wine, and Spirits",10%
IE,Books,15%
IE,"Business, Industrial & Scientific Supplies",15%
IE,Clothing and Accessories,≤€15: 5% | >€15 to ≤€20: 10% | >€20: 15% (total)
IE,Commercial Electrical and Energy Supplies,12%
IE,Compact Appliances,15%
IE,Computers,7%
IE,Consumer Electronics,7%
IE,Cycling,10%
IE,Cycling Accessories,15%
IE,"Door, Window and Shower Accessories",13%
IE,Electronic Accessories,Up to €100: 15% | Over €100: 8% (tiered)
IE,Everything else,15%
IE,Eyewear,≤€15: 8% | >€15: 15% (total) || For Prime selection Up to €45: 15% | Above €45: 7% (tiered)
IE,Eyewear Protection,≤€15: 8% | >€15: 15% (total) || For Prime selection Up to €45: 15% | Above €45: 7% (tiered)
IE,Footwear,15%
IE,Full-Size Appliances,7%
IE,Furniture,Up to €200: 15% | Over €200: 10% (tiered)
IE,Furniture Accessories,13%
IE,Grocery and Gourmet,≤€10: 8% | >€10: 15% (total)
IE,Home Adhesives and Cable Ties,13%
IE,Home Linen and Rugs,15%
IE,Home Products,≤€20: 8% | >€20: 15% (total)
IE,Jewellery,Up to €250: 20% | Above €250: 5% (tiered)
IE,Kitchen,15%
IE,Lawn and Garden,15%
IE,Luggage,15%
IE,Luggage Accessories,15%
IE,Mattresses,15%
IE,"Music, VHS, DVD",15%
IE,Musical Instruments and AV Production,12%
IE,Office Products,15%
IE,Packing Materials,15%
IE,Pet Clothing and Food,≤€10: 5% | >€10: 15% (total)
IE,Pet Supplies,15%
IE,Printer and Scanner accessories,Up to €100: 15% | Over €100: 8% (tiered)
IE,Reusable Work and Safety Gloves,≤€10: 8% | >€10: 15% (total)
IE,Software,15%
IE,Sports & Outdoors,15%
IE,Tires,7%
IE,Tools and Home Improvement,13%
IE,Toys and Games,15%
IE,Video Game Consoles,8%
IE,Video Games and Gaming Accessories,15%
IE,"Vitamins, Minerals and Supplements",≤€10: 5% | >€10: 15% (total)
IE,Watches,Up to €250: 15% | Above €250: 5% (tiered)
AE,All Other Categories,10%
AE,Apparel,12%
AE,Automotive,12%
AE,Baby,≤AED 50: 8% | >AED 50: 15% (total)
AE,Beauty,≤AED 50: 8% | >AED 50: 15% (total)
AE,Books,15%
AE,"Business, Industrial, and Scientific Supplies",11%
AE,Camera,8%
AE,Consumer Electronics,7%
AE,Electronics Accessories,Up to AED 250: 15% | Above AED 250: 8% (tiered)
AE,Furniture,Up to AED 750: 15% | Above AED 750: 10% (tiered)
AE,Gift Cards,5%
AE,Grocery,≤AED 50: 5% | >AED 50: 11% (total)
AE,Health & Personal Care,≤AED 50: 8% | >AED 50: 15% (total)
AE,Home,15%
AE,Home Entertainment,5%
AE,Jewelry,Up to AED 1000: 16% | Above AED 1000: 5% (tiered)
AE,Kitchen,15%
AE,Luggage,15%
AE,Major appliances,6%
AE,Mobile phones,5%
AE,Music,10%
AE,Music instruments,15%
AE,Office Products,14%
AE,Outdoor,15%
AE,PC store,6%
AE,Perfumes,15%
AE,Personal care Appliances,≤AED 50: 8% | >AED 50: 15% (total)
AE,Pet Products,≤AED 50: 8% | >AED 50: 15% (total)
AE,Shoes,15%
AE,Small Appliances,13%
AE,Software,10%
AE,Sports,14%
AE,Tools & Home Improvement,15%
AE,Toys,14%
AE,Video & DVD,10%
AE,Video Game Consoles,6%
AE,Video Games,15%
AE,Watches,Up to AED 5000: 15% | Above AED 5000: 5% (tiered)
SA,All Other Categories,10%
SA,Apparel,15%
SA,Automotive,12%
SA,Baby,Up to SAR 50: 8% | >SAR 50: 15% (total)
SA,Beauty,Up to SAR 50: 8.5% | >SAR 50: 11% (total)
SA,Books,15%
SA,Camera,8%
SA,Consumer Electronics,5.50%
SA,Electronics Accessories,Up to SAR 250: 15% | Over SAR 250: 8% (tiered)
SA,Furniture,Up to SAR 750: 15% | Over SAR 750: 10% (tiered)
SA,Gift Cards,10%
SA,Grocery,≤SAR 25: 3% | >SAR 25: 9% (total)
SA,Health & Personal Care,≤SAR 50: 8.5% | >SAR 50: 11% (total)
SA,Home,14%
SA,Jewelry,Up to SAR 1000: 16% | Over SAR 1000: 5% (tiered)
SA,Kitchen,14%
SA,Luggage,15%
SA,Major appliances,6%
SA,Mobile phones,5.50%
SA,Music,15%
SA,Music instruments,15%
SA,Office Products,15%
SA,Outdoor,14%
SA,Perfumes,15%
SA,Personal Care Appliances,≤SAR 50: 8% | >SAR 50: 13% (total)
SA,Personal Computers,6%
SA,Pet Products,15%
SA,Portable Audio,10%
SA,Shoes,15%
SA,Small Appliances,12%
SA,Software,10%
SA,Sports,13%
SA,Tools & Home Improvement,14%
SA,Toys,14%
SA,Video & DVD,13%
SA,Video Game Consoles,6%
SA,Video Games,14%
SA,Watches,Up to SAR 5000: 15% | Over SAR 5000: 5% (tiered)
TR,Automotive,12.50%
TR,Baby Products (excl. Apparel),11.50%
TR,Beauty,≤TRY 500: 9% | >TRY 500: 14% (total)
TR,Books,10.20%
TR,Camera,9%
TR,Cell Phone,8%
TR,Clothing,15.50%
TR,Computer,7%
TR,Consumer Electronics,9.50%
TR,Electronic Accessories,11%
TR,Everything Else,10%
TR,Furniture,14.50%
TR,Grocery,≤TRY 500: 9% | >TRY 500: 13% (total)
TR,Health and Personal Care,13.50%
TR,Home Entertainment,11.50%
TR,Home Improvement,12.70%
TR,Jewelry,≤TRY 900: 20% | >TRY 900: 6% (total)
TR,Kitchen (Small Domestic Appliances),11%
TR,Kitchenware and Decoration,15%
TR,Lawn & Garden,14%
TR,Luggage,16%
TR,Major Appliances,7%
TR,Musical Instruments,10%
TR,Office Products,13%
TR,Personal Care Appliances,13.60%
TR,Pet Products,13.50%
TR,"Shoes, Handbags, and Shoe Accessories",17%
TR,Sports,10%
TR,Toys & Games,13%
TR,Video Game Consoles,8.50%
TR,Video Games,10%
TR,Watch,15.50%
EG,All Other Categories,10%
EG,Apparel,15%
EG,Automotive,12%
EG,Baby,9%
EG,Beauty,12%
EG,Books,7%
EG,Camera,7%
EG,Consumer Electronics,8%
EG,Electronics Accessories,Up to EGP 1000: 15% | Over EGP 1000: 8% (tiered)
EG,Furniture,13%
EG,Gift Cards,10%
EG,Grocery,≤EGP 250: 4% | >EGP 250: 10% (total)
EG,Health & Personal Care,11.50%
EG,Home,13%
EG,Home Entertainment,5%
EG,Jewelry,Up to EGP 5000: 19% | Over EGP 5000: 5% (tiered)
EG,Kitchen,11.50%
EG,Luggage,15%
EG,Major Appliances,5%
EG,Mobile phones,4.50%
EG,Music,10%
EG,Music instruments,12%
EG,Office products,12%
EG,Outdoor,13%
EG,Perfumes,13%
EG,Personal care Appliances,11%
EG,Personal computers,4%
EG,Pet Products,14%
EG,Portable Audio,Up to EGP 1000: 15% | Over EGP 1000: 8% (tiered)
EG,Shoes,15%
EG,Small Appliances,7%
EG,Software,10%
EG,Sports,11.50%
EG,Tools & Home Improvement,11%
EG,Toys,13%
EG,Video & DVD,11%
EG,Video Game Consoles,4%
EG,Video Games,10%
EG,Watches,12%
JP,Amazon Device Accessories,45%
JP,Automotive and Powersports,≤JPY 750: 5% | >JPY 750: 10% (total)
JP,Baby Products,≤JPY 750: 5% | >JPY 750 to ≤JPY 1500: 8% | >JPY 1500: 15% (total)
JP,"Backpacks, Handbags, and Luggage",≤JPY 750: 5% | >JPY 750 to ≤JPY 7500: 12% (total) || Up to JPY 7500: 12% | Over JPY 7500: 6% (tiered)
JP,Beauty - Different Beauty Brands,
JP,"Beauty, Health and Personal Care",≤JPY 750: 5% | >JPY 750 to ≤JPY 1500: 8% | >JPY 1500: 10% (total)
JP,Beer,≤JPY 750: 5% | >JPY 750: 6.5% (total)
JP,"Business, Industrial, and Scientific Supplies",≤JPY 750: 5% | >JPY 750: 15% (total)
JP,Clothing and Accessories,≤JPY 750: 5% | >JPY 750 to ≤JPY 2500: 8% | >JPY 2500 to ≤JPY 3000: 12% (total) | >JPY 3000: Up to JPY 3000: 12% + Over JPY 3000: 8% (tiered)
JP,Compact Appliances,≤JPY 750: 5% | >JPY 750: 8% (total)
JP,Computers,≤JPY 750: 5% | >JPY 750: 8% (total)
JP,Consumer Electronics,≤JPY 750: 5% | >JPY 750: 8% (total)
JP,Electronic Accessories,≤JPY 750: 5% | >JPY 750: 10% (total)
JP,Everything Else,≤JPY 750: 5% | >JPY 750: 15% (total)
JP,Eyewear,≤JPY 750: 5% | >JPY 750 to ≤JPY 3000: 12% (total) || >JPY 3000: Up to JPY 3000: 12% | Over JPY 3000: 8% (tiered)
JP,Footwear,≤JPY 750: 5% | >JPY 750 to ≤JPY 7500: 12% (total) || >JPY 7500: Up to JPY 7500: 12% | Over JPY 7500: 6% (tiered)
JP,Full-Size Appliances,≤JPY 750: 5% | >JPY 750: 8% (total)
JP,Furniture,≤JPY 750: 5% | >JPY 750: 15% (total)
JP,Grocery and Gourmet,≤JPY 750: 5% | >JPY 750 to ≤JPY 1500: 8% | >JPY 1500: 10% (total)
JP,Home and Kitchen,≤JPY 750: 5% | >JPY 750: 15% (total)
JP,Home and Kitchen Appliances,≤JPY 750: 5% | >JPY 750: 10% (total)
JP,Jewelry,≤JPY 750: 5% | >JPY 750 to ≤JPY 10000: 10% (total) || >JPY 10000: Up to JPY 10000: 10% | Over JPY 10000: 6% (tiered)
JP,Lawn & Garden,≤JPY 750: 5% | >JPY 750: 15% (total)
JP,Mattresses,≤JPY 750: 5% | >JPY 750: 15% (total)
JP,"Media - Books, DVD, Music, Software, Video",15%
JP,Musical Instruments and AV Production,≤JPY 750: 5% | >JPY 750: 10% (total)
JP,Office Products,≤JPY 750: 5% | >JPY 750: 15% (total)
JP,Pet Products,≤JPY 750: 5% | >JPY 750 to ≤JPY 1500: 8% | >JPY 1500: 15% (total)
JP,Professional Medical Supplies,≤JPY 750: 5% | >JPY 750 to ≤JPY 1500: 8% | >JPY 1500: 10% (total)
JP,Sports and Outdoors,≤JPY 750: 5% | >JPY 750: 10% (total)
JP,Tires,≤JPY 750: 5% | >JPY 750: 10% (total)
JP,Tools and Home Improvement,≤JPY 750: 5% | >JPY 750: 15% (total)
JP,Toys and Games,≤JPY 750: 5% | >JPY 750: 10% (total)
JP,Video Game Consoles,≤JPY 750: 5% | >JPY 750: 8% (total)
JP,Video Games and Gaming Accessories,15%
JP,Watches,≤JPY 750: 5% | >JPY 750: 15% (total)
AU,Alcoholic Beverages,10%
AU,Automotive and Powersports,10.50%
AU,Baby Products,≤$20: 8% | >$20: 11% (total)
AU,Base Equipment Power Tools,7%
AU,"Beauty, Health and Personal Care",≤$20: 8% | >$20: 13% (total)
AU,"Business, Industrial & Scientific Supplies",11%
AU,Clothing and Accessories,≤$20: 10% | >$20: 13% (total)
AU,Computers,Up to $150: 8% | Over $150: 6% (tiered)
AU,Consumer Electronics,8%
AU,Electronic Accessories,13.50%
AU,Everything Else,15%
AU,Furniture,12%
AU,Grocery and Gourmet,≤$20: 8% | >$20: 10% (total)
AU,Home & Kitchen Appliances,8%
AU,Home and Kitchen,13%
AU,Jewellery,Up to $200: 15% | Over $200: 5% (tiered)
AU,Lawn and Garden,10.50%
AU,Luggage,13%
AU,Major Domestic Appliances,7%
AU,"Media - Books, DVD, Music, Software, Video",15%
AU,Musical Instruments and AV Production,11%
AU,Office Products,13%
AU,Pet Products,≤$20: 10% | >$20: 13% (total)
AU,"Shoes, Handbags & Sunglasses",Up to $50: 14% | Over $50: 10% (tiered)
AU,Sports and Outdoors,Up to $200: 13% | Over $200: 12% (tiered)
AU,Tools & Home Improvement,≤$20: 10% | >$20: 13% (total)
AU,Toys and Games,12%
AU,Tyres,9%
AU,Video Game Consoles,6%
AU,Video Games & Gaming Accessories,9%
AU,Watches,Up to $50: 12% | Over $50: 8% (tiered)
SG,Automotive and Powersports,13%
SG,Baby Products,≤S$20: 9.5% | >S$20: 12.5% (total)
SG,"Backpacks, Handbags and Luggage",13.50%
SG,"Beauty, Health and Personal Care",≤S$20: 8% | >S$20: 11% (total)
SG,"Beer, Wine and Spirits",9%
SG,"Business, Industrial and Scientific Supplies",13%
SG,Clothing and Accessories,11%
SG,Computers,7%
SG,Consumer Electronics,8%
SG,Electronics Accessories,Up to S$100: 12% | Over S$100: 8% (tiered)
SG,Everything Else,12.50%
SG,Footwear,12%
SG,Furniture,12%
SG,Grocery and Gourmet,9%
SG,Home and Kitchen,12%
SG,Jewellery,15%
SG,Lawn and Garden,12%
SG,Major Appliances,12%
SG,"Media - Books, DVD, Music, Software",13.50%
SG,Musical Instruments and AV Production,12%
SG,Office Products,13%
SG,Pet Products,≤S$20: 9% | >S$20: 11% (total)
SG,Sports and Outdoors,12.50%
SG,Tools and Home Improvement,12%
SG,Toys and Games,12.50%
SG,Video Game Consoles,7%
SG,Video Games and Gaming Accessories,12%
SG,Watches,13.50%
